0,C1=CC(=C[N+](=C1)[C@H]2[C@@H]([C@@H]([C@H](O2)COP(=O)(O)OP(=O)(O)OC[C@@H]3[C@H]([C@H]([C@@H](O3)N4C=NC5=C(N=CN=C54)N)O)O)O)O)C(=O)N
1,CC1=CC2=C(C=C1C)N(C[C@H](O)[C@H](O)[C@H](O)CO[P@](O)(=O)O[P@@](O)(=O)OC[C@H]1O[C@H]([C@H](O)[C@@H]1O)N1C=NC3=C1N=CN=C3N)C1=NC(=O)NC(=O)C1=N2
2,N[C@@H](CCC(O)=O)C(O)=O
3,N[C@@H](CCC(=O)N[C@@H](CS)C(=O)NCC(O)=O)C(O)=O
4,[H][C@@]1(OC(=O)C(O)=C1O)[C@@H](O)CO
5,N[C@@H](CC1=CC=CC=C1)C(O)=O
6,O=C1NC=CC(=O)N1
7,[H][C@]12CS[C@@H](CCCCC(O)=O)[C@@]1([H])NC(=O)N2
8,N[C@@H](CC1=CNC=N1)C(O)=O
9,OC(=O)[C@@H]1CCCN1
10,NC(=O)C1=CC=CN=C1
11,OC(=O)CC(O)(CC(O)=O)C(O)=O
12,OC(=O)C1=CC=CC=C1
13,CC(C)[C@H](N)C(O)=O
14,C[C@@H](O)[C@H](N)C(O)=O
15,CC(C)OP(F)(=O)OC(C)C
16,NC1=C2N=CN([C@@H]3O[C@H](CO)[C@@H](O)[C@H]3O)C2=NC=N1
17,OC(=O)C1=CN=CC=C1
18,CC1=C(C)C=C2N(C[C@H](O)[C@H](O)[C@H](O)CO)C3=NC(=O)NC(=O)C3=NC2=C1
19,OC(=O)CN(CCN(CC(O)=O)CC(O)=O)CC(O)=O
20,OC[C@H]1O[C@H]([C@H](O)[C@@H]1O)N1C=NC2=C1NC=NC2=O
21,OC(=O)C1=CC(=O)NC(=O)N1
22,CC[C@H](C)[C@H](N)C(O)=O
23,NC1=NC(=O)C2=NC(CNC3=CC=C(C=C3)C(=O)N[C@@H](CCC(O)=O)C(O)=O)=CN=C2N1
24,OC(=O)CCCC[C@@H]1CCSS1
25,C\C(\C=C\C1=C(C)CCCC1(C)C)=C/C=C/C(/C)=C/C(O)=O
26,OC(=O)C1=CC=CC=C1O
27,[C@@H]([C@H](C(=O)O)O)(C(=O)O)O
28,CO[C@@H]1C[C@@H](CC[C@H]1O)\C=C(/C)[C@H]1OC(=O)[C@@H]2CCCCN2C(=O)C(=O)[C@]2(O)O[C@@H]([C@H](C[C@H]2C)OC)[C@H](C[C@@H](C)C\C(C)=C\[C@@H](CC=C)C(=O)C[C@H](O)[C@H]1C)OC
29,CC(=O)OC1=CC=CC=C1C(O)=O
30,COC1=CC2=C(C=C1)C=C(C=C2)[C@H](C)C(O)=O
31,CC1=C(CC(O)=O)C2=CC(F)=CC=C2\C1=C/C1=CC=C(C=C1)S(C)=O
32,[H][C@]12COC(=O)[C@]1([H])[C@H](C1=CC(OC)=C(O)C(OC)=C1)C1=CC3=C(OCO3)C=C1[C@H]2O[C@@H]1O[C@]2([H])CO[C@@H](C)O[C@@]2([H])[C@H](O)[C@H]1O
33,CC(C)CC1=CC=C(C=C1)C(C)C(O)=O
34,CN1C(C(=O)NC2=NC=CC=C2)=C(O)C2=C(C=CC=C2)S1(=O)=O
35,C[C@H](CCCC(C)(C)O)[C@@]1([H])CC[C@@]2([H])\C(CCC[C@]12C)=C\C=C1\C[C@@H](O)C[C@H](O)C1=C
36,OC(=O)C1=C(O)C=CC(=C1)C1=C(F)C=C(F)C=C1
37,CCN(CC)C(=S)SSC(=S)N(CC)CC
38,CC(C(O)=O)C1=CC(=CC=C1)C(=O)C1=CC=CC=C1
39,OC1(CCN(CCCC(=O)C2=CC=C(F)C=C2)CC1)C1=CC=C(Cl)C=C1
40,COC1=C2OC(=O)C=CC2=CC2=C1OC=C2
41,COC1=CC2=C(C=C1)N(C(=O)C1=CC=C(Cl)C=C1)C(C)=C2CC(O)=O
42,CN(CC1=CN=C2N=C(N)N=C(N)C2=N1)C1=CC=C(C=C1)C(=O)N[C@@H](CCC(O)=O)C(O)=O
43,COC1=CC(CC2=CN=C(N)N=C2N)=CC(OC)=C1OC
44,CC(C)CCC[C@@H](C)CCC[C@@H](C)CCC\C(C)=C\CC1=C(C)C(=O)C2=C(C=CC=C2)C1=O
45,CC1=C(C)C(NC2=CC=CC=C2C(O)=O)=CC=C1
46,[H][C@@]12CCC3=CC(=O)C=C[C@]3(C)[C@@]1([H])CC[C@]1(C)OC(=O)CC[C@@]21[H]
47,OC[C@H]1O[C@H](C[C@@H]1O)N1C=NC2=C1N=CNC[C@H]2O
48,CC1=CC=C(C=C1)C(=O)C2=CC=C(N2C)CC(=O)[O-].O.O.[Na+]
49,NCCCCCC(O)=O
50,NC1=NC(=O)N(C=C1)[C@@H]1O[C@H](CO)[C@@H](O)[C@@H]1O
51,CC1=C(C(=C(C=C1)Cl)NC2=CC=CC=C2C(=O)[O-])Cl.O.[Na+]
52,CCN1C=C(C(O)=O)C(=O)C2=C1N=C(C)C=C2
53,CC[C@@H]1NC(=O)[C@H]([C@H](O)[C@H](C)C\C=C\C)N(C)C(=O)[C@H](C(C)C)N(C)C(=O)[C@H](CC(C)C)N(C)C(=O)[C@H](CC(C)C)N(C)C(=O)[C@@H](C)NC(=O)[C@H](C)NC(=O)[C@H](CC(C)C)N(C)C(=O)[C@@H](NC(=O)[C@H](CC(C)C)N(C)C(=O)CN(C)C1=O)C(C)C
54,[H][C@@]12C[C@@H](O)[C@H](O)[C@@]1(C)CC[C@]1([H])C3=C(CC[C@@]21[H])C=C(O)C=C3
55,OC(=O)C1=CN(C2CC2)C2=CC(N3CCNCC3)=C(F)C=C2C1=O
56,CC(C)[C@@H](C)\C=C\[C@@H](C)[C@@]1([H])CC[C@@]2([H])\C(CCC[C@]12C)=C\C=C1\C[C@@H](O)CCC1=C
57,CC(C)CCC[C@@H](C)[C@@]1([H])CC[C@@]2([H])\C(CCC[C@]12C)=C\C=C1\C[C@@H](O)CCC1=C
58,[H][C@]12N(C)CC[C@@]1(C)C1=C(C=CC(OC(=O)NC)=C1)N2C
59,[H][C@]12C[C@@H](OC(=O)C=CC3=CC(OC)=C(OC)C(OC)=C3)[C@H](OC)[C@@H](C(=O)OC)[C@@]1([H])C[C@@]1([H])N(CCC3=C1NC1=C3C=CC(OC)=C1)C2
60,[H][C@]12C[C@@H](O[C@@H]3O[C@H](C)[C@@H](O)[C@H](N)[C@@H]3O)\C=C\C=C\C=C\C=C\C=C\C=C\C=C\[C@H](C)[C@@H](O)[C@@H](C)[C@H](C)OC(=O)C[C@H](O)C[C@H](O)CC[C@@H](O)[C@H](O)C[C@H](O)C[C@](O)(C[C@H](O)[C@H]1C(O)=O)O2
61,[H][C@]12CN3C4=C([C@@H](COC(N)=O)[C@@]3(OC)[C@@]1([H])N2)C(=O)C(N)=C(C)C4=O
62,[H]C(=O)[C@H](O)[C@@H](O)[C@]([H])(O[C@@]1([H])O[C@H](CO)[C@@]([H])(O[C@H]2O[C@H](C)[C@@H](N[C@@]3([H])C=C(CO)[C@@H](O)[C@H](O)[C@H]3O)[C@H](O)[C@H]2O)[C@H](O)[C@H]1O)[C@H](O)CO
63,CC(=O)NC1=CC=C(O)C=C1
64,CC(=O)NC1=NN=C(S1)S(N)(=O)=O
65,CC(=O)C1=CC=C(C=C1)S(=O)(=O)NC(=O)NC1CCCCC1
66,NC1=NC(=O)C2=C(N1)N(COCCO)C=N2
67,OC1=NC=NC2=C1C=NN2
68,CC1=NN=C2CN=C(C3=CC=CC=C3)C3=C(C=CC(Cl)=C3)N12
69,NCCN.CN1C2=C(NC=N2)C(=O)N(C)C1=O.CN1C2=C(NC=N2)C(=O)N(C)C1=O
70,NC1=CC(=CNC1=O)C1=CC=NC=C1
71,COC1=CC=C(CCN2CCC(CC2)NC2=NC3=CC=CC=C3N2CC2=CC=C(F)C=C2)C=C1
72,C[C@H](CS)C(=O)N1CCC[C@H]1C(O)=O
73,NC(=O)N1C2=CC=CC=C2C=CC2=CC=CC=C12
74,CN(C)CCCN1C2=CC=CC=C2SC2=C1C=C(Cl)C=C2
75,CO[C@H]1CN(CCCOC2=CC=C(F)C=C2)CC[C@H]1NC(=O)C1=CC(Cl)=C(N)C=C1OC
76,CCOC(=O)C(C)(C)OC1=CC=C(Cl)C=C1
77,CN1CCN(CC1)C1=NC2=CC(Cl)=CC=C2NC2=CC=CC=C12
78,CC1=CC(=NO1)NS(=O)(=O)C2=CC=C(C=C2)N.COC1=CC(=CC(=C1OC)OC)CC2=CN=C(N=C2N)N
79,CN1C2=C(C=C(Cl)C=C2)C(=NCC1=O)C1=CC=CC=C1
80,CC1=NS(=O)(=O)C2=C(N1)C=CC(Cl)=C2
81,[H][C@]12CC[C@]3([H])[C@]([H])(C[C@@H](O)[C@]4(C)[C@H](CC[C@]34O)C3=CC(=O)OC3)[C@@]1(C)CC[C@@H](C2)O[C@H]1C[C@H](O)[C@H](O[C@H]2C[C@H](O)[C@H](O[C@H]3C[C@H](O)[C@H](O)[C@@H](C)O3)[C@@H](C)O2)[C@@H](C)O1
82,CN(C)CCOC(C1=CC=CC=C1)C1=CC=CC=C1
83,CCC1=C2NC3=C(CCOC3(CC)CC(O)=O)C2=CC=C1
84,CC(=O)OCC(CCN1C=NC2=CN=C(N)N=C12)COC(C)=O
85,OC(CN1C=NC=N1)(CN1C=NC=N1)C1=C(F)C=C(F)C=C1
86,C[C@]12C[C@@H]([C@H]3[C@H]([C@@H]1C[C@@H]4[C@]2(OC(O4)(C)C)C(=O)CO)C[C@@H](C5=CC(=O)C=C[C@]35C)F)O.C[C@]12C[C@@H]([C@H]3[C@H]([C@@H]1C[C@@H]4[C@]2(OC(O4)(C)C)C(=O)CO)C[C@@H](C5=CC(=O)C=C[C@]35C)F)O.O
87,[H][C@@]12C[C@@]3([H])[C@]4([H])C[C@H](F)C5=CC(=O)C=C[C@]5(C)[C@@]4(F)[C@@H](O)C[C@]3(C)[C@@]1(OC(C)(C)O2)C(=O)COC(C)=O
88,CC1(C)O[C@@H]2C[C@H]3[C@@H]4C[C@H](F)C5=CC(=O)CC[C@]5(C)[C@H]4[C@@H](O)C[C@]3(C)[C@@]2(O1)C(=O)CO
89,CC(C(O)=O)C1=CC(F)=C(C=C1)C1=CC=CC=C1
90,NCC1(CC(O)=O)CCCCC1
91,NC1=NC2=C(N=CN2COC(CO)CO)C(=O)N1
92,NS(=O)(=O)C1=C(Cl)C=C2NCNS(=O)(=O)C2=C1
93,OC[C@H]1O[C@H](C[C@@H]1O)N1C=C(I)C(=O)NC1=O
94,[H][C@]12[C@H](C[C@@H](C)C=C1C=C[C@H](C)[C@@H]2CC[C@@H]1C[C@@H](O)CC(=O)O1)OC(=O)[C@@H](C)CC
95,NCCCC[C@H](N[C@@H](CCC1=CC=CC=C1)C(O)=O)C(=O)N1CCC[C@H]1C(O)=O
96,CCOC(=O)N1CCC(CC1)=C1C2=C(CCC3=C1N=CC=C3)C=C(Cl)C=C2
97,N[C@@H](CC1=CC=C(C=C1)N(CCCl)CCCl)C(O)=O
98,CN1C2=C(NC=N2)C(=O)N(C)C1=O
99,NC1=CC(C(O)=O)=C(O)C=C1
100,CCCCNC(=O)NS(=O)(=O)C1=CC=C(C)C=C1
101,[H][C@@]12C[C@H](N(C(=O)[C@H](C)N[C@@H](CCC3=CC=CC=C3)C(=O)OCC)[C@@]1([H])CCCC2)C(O)=O
102,CC1=NN=C2CN=C(C3=CC=CC=C3Cl)C3=C(C=CC(Cl)=C3)N12
103,OC[C@H]1O[C@H](C[C@@H]1O)N1C=C(C(=O)NC1=O)C(F)(F)F
104,CC(CN(C)C)CN1C2=CC=CC=C2CCC2=CC=CC=C12
105,CC(C)[C@H](N)C(=O)OCCOCN1C=NC2=C1NC(N)=NC2=O
106,CN1C=CNC1=S
107,CC(C)(C(=O)C1=CN=CC=C1)C1=CC=CN=C1
108,CC(N(O)C(N)=O)C1=CC2=CC=CC=C2S1
109,C1=CC(=C(C=C1Cl)Cl)COC(CN2C=CN=C2)C3=C(C=C(C=C3)Cl)Cl
110,CC1=C(C=C(C#N)C(=O)N1)C1=CC=NC=C1
111,NC1=CC(=NC(N)=[N+]1[O-])N1CCCCC1
112,[H][C@@]12CCC[C@]1([H])N([C@@H](C2)C(O)=O)C(=O)[C@H](C)N[C@@H](CCC1=CC=CC=C1)C(=O)OCC
113,NC(=O)C1=NN(C=N1)[C@@H]1O[C@H](CO)[C@@H](O)[C@H]1O
114,COC1=CC2=C(C=C1)C=C(CCC(C)=O)C=C2
115,[H][C@]12[C@H](C[C@@H](C)C=C1C=C[C@H](C)[C@@H]2CC[C@@H]1C[C@@H](O)CC(=O)O1)OC(=O)C(C)(C)CC
116,COC(=O)C1=C(C)NC(C)=C(C1C1=CC=CC=C1[N+]([O-])=O)C(=O)OC
117,OC(=O)C1=CC(=CC=C1O)\N=N\C1=CC=C(C=C1)S(=O)(=O)NC1=NC=CC=C1
118,O=C1C(CCS(=O)C2=CC=CC=C2)C(=O)N(N1C1=CC=CC=C1)C1=CC=CC=C1
119,CNS(=O)(=O)CC1=CC=C2NC=C(CCN(C)C)C2=C1
120,CC(C(O)=O)C1=CC=C(C=C1)C(=O)C1=CC=CS1
121,CN1CCN(CC1)C1=NC2=CC=CC=C2NC2=C1C=C(C)S2
122,COC1=CC2=C(C=C1)N=C(N2)S(=O)CC1=NC=C(C)C(OC)=C1C
123,CCOC(=O)[C@H](CCC1=CC=CC=C1)N[C@@H](C)C(=O)N2CC3=CC=CC=C3C[C@H]2C(=O)O.Cl
124,OC(=O)CCC1=NC(=C(O1)C1=CC=CC=C1)C1=CC=CC=C1
125,CCCN(CCC)S(=O)(=O)C1=CC=C(C=C1)C(O)=O
126,CN(C)C(=O)OC1=C[N+](C)=CC=C1
127,CCC1=C(C(N)=NC(N)=N1)C1=CC=C(Cl)C=C1
128,CC(CN1C2=CC=CC=C2SC2=CC=CC=C12)N(C)C
129,[H][C@](N)(C(O)=O)C(C)(C)S
130,CN1C=NC2=C1C(=O)N(CCCCC(C)=O)C(=O)N2C
131,OCCN1CCN(CCCN2C3=CC=CC=C3SC3=C2C=C(Cl)C=C3)CC1
132,C1=CC=C(C=C1)CCNN.OS(=O)(=O)O
133,CCCCC1C(=O)N(N(C1=O)C1=CC=CC=C1)C1=CC=CC=C1
134,O=C1NC(=O)C(N1)(C1=CC=CC=C1)C1=CC=CC=C1
135,CC(C)NCC(O)COC1=CC=CC2=C1C=CN2
136,[O-][N+](=O)OCC(CO[N+]([O-])=O)O[N+]([O-])=O
137,[H][C@]12OC[C@H](O[N+]([O-])=O)[C@@]1([H])OC[C@H]2O[N+]([O-])=O
138,NS(=O)(=O)C1=CC(=C(Cl)C(Cl)=C1)S(N)(=O)=O
139,NS(=O)(=O)C1=C(Cl)C=C2NC=NS(=O)(=O)C2=C1
140,CC(C)(C)C1=CC=C(C=C1)C(O)CCCN1CCC(CC1)C(O)(C1=CC=CC=C1)C1=CC=CC=C1
141,CN1C=NC2=C1C(=O)N(C)C(=O)N2C
142,CCN(C(C)=O)C1=CC=CC(=C1)C1=CC=NC2=C(C=NN12)C#N
143,NC(=O)N1C2=CC=CC=C2CC(=O)C2=C1C=CC=C2
144,NC(CCC(O)=O)C=C
145,NC(=O)OCC(COC(N)=O)C1=CC=CC=C1
146,[H][C@@]12CO[C@@]3(COS(N)(=O)=O)OC(C)(C)O[C@@]3([H])[C@]1([H])OC(C)(C)O2
147,NS(=O)(=O)CC1=NOC2=CC=CC=C12
148,[H]C(Cl)(Br)C(F)(F)F
149,FC(F)OC(F)(F)C(F)Cl
150,COC(F)(F)C(Cl)Cl
151,FC(F)OC(Cl)C(F)(F)F
152,FC(F)OC(F)C(F)(F)F
153,FCOC(C(F)(F)F)C(F)(F)F
154,CC(C)C1=CC=CC(C(C)C)=C1O
155,CC1=NC=C2CN=C(C3=CC=CC=C3F)C3=C(C=CC(Cl)=C3)N12
156,FC1=CC=C(C=C1)C(CCCN1CCC(CC1)N1C(=O)NC2=CC=CC=C12)C1=CC=C(F)C=C1
157,CCCC1=CC(=O)NC(=S)N1
158,CN1CCN2C(C1)C1=CC=CC=C1CC1=C2N=CC=C1
159,C1=CC=C(C(=C1)C(=O)[O-])O.[Na+]
160,CC1=CC=C(C=C1)C1=CC(=NN1C1=CC=C(C=C1)S(N)(=O)=O)C(F)(F)F
161,CS(=O)(=O)C1=CC=C(C=C1)C1=C(C(=O)OC1)C1=CC=CC=C1
162,CCOC1=CC=C(NC(C)=O)C=C1
163,CCC1(CCC(=O)NC1=O)C1=CC=C(N)C=C1
164,CC\C(=C(\CC)C1=CC=C(O)C=C1)C1=CC=C(O)C=C1
165,OC(=O)P(O)(O)=O
166,FC1=CNC(=O)NC1=O
167,CCC1=C(C)CN(C(=O)NCCC2=CC=C(C=C2)S(=O)(=O)NC(=O)N[C@H]2CC[C@H](C)CC2)C1=O
168,CN(CCOC1=CC=C(CC2SC(=O)NC2=O)C=C1)C1=CC=CC=N1
169,CCOC(=O)[C@H](CCC1=CC=CC=C1)N[C@H]2CCC3=CC=CC=C3N(C2=O)CC(=O)O.Cl
170,CCOC(=O)[C@H](CCC1=CC=CC=C1)N[C@@H](C)C(=O)N2CCC[C@H]2C(=O)O.C(=C\\C(=O)O)\\C(=O)O
171,CCC(=O)O[C@H](C(C)C)OP(=O)(CCCCC1=CC=CC=C1)CC(=O)N2C[C@@H](C[C@H]2C(=O)[O-])C3CCCCC3.[Na+]
172,CCOC(=O)[C@H](CCC1=CC=CC=C1)N[C@@H](C)C(=O)N2CC3=CC(=C(C=C3C[C@H]2C(=O)O)OC)OC.Cl
173,CCC[C@@H](C(=O)OCC)N[C@@H](C)C(=O)N1[C@H]2CCCC[C@H]2C[C@H]1C(=O)O.CC(C)(C)N
174,OCCN1C[C@H](O)[C@@H](O)[C@H](O)[C@H]1CO
175,[H][C@]12OC[C@@H](O[N+]([O-])=O)[C@@]1([H])OC[C@@H]2O
176,NS(=O)(=O)C1=CC2=C(NC(CC3=CC=CC=C3)NS2(=O)=O)C=C1C(F)(F)F
177,NS(=O)(=O)C1=CC2=C(C=C1Cl)N=C(CSCC1=CC=CC=C1)NS2(=O)=O
178,CCN[C@H]1CN(CCCOC)S(=O)(=O)C2=C1C=C(S2)S(N)(=O)=O
179,CCN[C@H]1C[C@@H](S(=O)(=O)C2=C1C=C(S2)S(=O)(=O)N)C.Cl
180,NS(=O)(=O)C1=CC2=C(NCNS2(=O)=O)C=C1C(F)(F)F
181,CN1N=C(S\C1=N\C(C)=O)S(N)(=O)=O
182,CN1C(CCl)NC2=CC(Cl)=C(C=C2S1(=O)=O)S(N)(=O)=O
183,NS(=O)(=O)C1=C(Cl)C=C2NC(NS(=O)(=O)C2=C1)C(Cl)Cl
184,CN(CCCCCCCCCCN(C)C(=O)OC1=CC=CC(=C1)[N+](C)(C)C)C(=O)OC1=CC=CC(=C1)[N+](C)(C)C
185,COC1=C(OC)C=C2C(=O)C(CC3CCN(CC4=CC=CC=C4)CC3)CC2=C1
186,CN1C2=C(N(CC(O)CO)C=N2)C(=O)N(C)C1=O
187,NC(=O)OC1(CCCCC1)C#C
188,CC[C@H](N1CCCC1=O)C(N)=O
189,CCN(CC)CCNC(=O)C1=CC(Cl)=C(N)C=C1OC
190,CCCCOC1=NC2=CC=CC=C2C(=C1)C(=O)NCCN(CC)CC
191,CC1=C(C=NO1)C(=O)NC1=CC=C(C=C1)C(F)(F)F
192,COC1=C(C\C=C(/C)CCC(=O)OCCN2CCOCC2)C(O)=C2C(=O)OCC2=C1C
193,[H][C@@]1(C[C@@H](C)[C@]2([H])CC(=O)[C@H](C)\C=C(C)\[C@@H](O)[C@@H](OC)C(=O)[C@H](C)C[C@H](C)\C=C\C=C\C=C(C)\[C@H](C[C@]3([H])CC[C@@H](C)[C@@](O)(O3)C(=O)C(=O)N3CCCC[C@@]3([H])C(=O)O2)OC)CC[C@@H](O)[C@@H](C1)OC
194,C[C@](N)(CC1=CC=C(O)C=C1)C(O)=O
195,ClC1=CC2=C(OC(=O)N2)C=C1
196,CCN(CC)C(=O)C(=C\C1=CC(=C(O)C(O)=C1)[N+]([O-])=O)\C#N
197,C[C@H](CC1=CC=CC=C1)N(C)CC#C.Cl
198,CC1=CC=C(C=C1)C(=O)C1=CC(=C(O)C(O)=C1)[N+]([O-])=O
199,COP(=O)(OC)C(O)C(Cl)(Cl)Cl
200,C[N+](C)(C)CCO.OC1=CC=CC=C1C([O-])=O
201,C1CN2C(=CC=C2C(=O)C3=CC=CC=C3)C1C(=O)O.C(C(CO)(CO)N)O
202,C1[C@H](C1C2=CC=CC=C2)N.C1[C@H](C1C2=CC=CC=C2)N.OS(=O)(=O)O
203,C1=CC=C(C(=C1)C(=O)[O-])O.C1=CC=C(C(=C1)C(=O)[O-])O.O.O.O.O.[Mg+2]
204,C(CC(C(F)F)(C(=O)O)N)CN.O.Cl
205,ClC1=CC(Cl)=C(COC(CN2C=CN=C2)C2=C(Cl)C=C(Cl)C=C2)C=C1
206,[H][C@@]12C[C@H](O)C[C@]3(O)C[C@H](O)[C@@H](C(O)=O)[C@]([H])(C[C@@H](O[C@]4([H])O[C@H](C)[C@@H](O)[C@H](N)[C@@H]4O)\C=C\C=C\C=C\C=C\C[C@@H](C)OC(=O)\C=C\[C@@]1([H])O2)O3
207,C1=CC(=C(C=C1Cl)Cl)CO/N=C(\\CN2C=CN=C2)/C3=C(C=C(C=C3)Cl)Cl.[N+](=O)(O)[O-]
208,CC(C)C1=C(C(=C(N1CC[C@H](C[C@H](CC(=O)[O-])O)O)C2=CC=C(C=C2)F)C3=CC=CC=C3)C(=O)NC4=CC=CC=C4.CC(C)C1=C(C(=C(N1CC[C@H](C[C@H](CC(=O)[O-])O)O)C2=CC=C(C=C2)F)C3=CC=CC=C3)C(=O)NC4=CC=CC=C4.[Ca+2]
209,CC(C)C1=C(C(=C(C(=N1)C(C)C)COC)C2=CC=C(C=C2)F)/C=C/[C@H](C[C@H](CC(=O)[O-])O)O.[Na+]
210,CC(C)N1C2=CC=CC=C2C(=C1/C=C/[C@@H](C[C@@H](CC(=O)[O-])O)O)C3=CC=C(C=C3)F.[Na+]
211,CC[C@H](C)C(=O)O[C@H]1C[C@@H](C=C2[C@H]1[C@H]([C@H](C=C2)C)CC[C@H](C[C@H](CC(=O)[O-])O)O)O.[Na+]
212,CCOC(=O)C1=C[C@@H](OC(CC)CC)[C@H](NC(C)=O)[C@@H](N)C1
213,[H][C@]1(OC(=C[C@H](N=C(N)N)[C@H]1NC(C)=O)C(O)=O)[C@H](O)[C@H](O)CO
214,C1=CC=C(C(=C1)CC(=O)[O-])NC2=C(C=CC=C2Cl)Cl.[K+]
215,C1=CC=C(C(=C1)CC(=O)[O-])NC2=C(C=CC=C2Cl)Cl.[Na+]
216,CC(=O)NC[C@H]1CN(C(=O)O1)C1=CC(F)=C(C=C1)N1CCOCC1
217,CC(C)(C#N)C1=CC(=CC(CN2C=NC=N2)=C1)C(C)(C)C#N
218,[H][C@@]12CCC(=O)[C@@]1(C)CC[C@@]1([H])[C@@]2([H])CC(=C)C2=CC(=O)C=C[C@]12C
219,N#CC1=CC=C(C=C1)C(N1C=NC=N1)C1=CC=C(C=C1)C#N
220,CC1(C)NC(=O)N(C1=O)C1=CC(=C(C=C1)[N+]([O-])=O)C(F)(F)F
221,CC(C(O)=O)C1=CC(OC2=CC=CC=C2)=CC=C1
222,CN1C(C(=O)NC2=NC=C(C)S2)=C(O)C2=C(C=CC=C2)S1(=O)=O
223,C[C@@H](C1=CC2=C(C=C1)C=C(C=C2)OC)C(=O)[O-].[Na+]
224,CC[N+](C)(C)C1=CC(=CC=C1)O.[Cl-]
225,CN(C)C(=O)OC1=CC=CC(=C1)[N+](C)(C)C.[Br-]
226,CN(C)C(=O)OC1=CC=CC(=C1)[N+](C)(C)C.COS(=O)(=O)[O-]
227,CC[N+](CC)(CCNC(=O)C(=O)NCC[N+](CC)(CC)CC1=CC=CC=C1Cl)CC2=CC=CC=C2Cl.[Cl-].[Cl-]
228,[N+]1=2[Co-3]345([N+]6=C7[C@H]([C@@](CC(=O)N)(C)[C@@]6([C@@]6(N3C(=C(C)C3=[N+]4C(C(C)(C)[C@@H]3CCC(=O)N)=CC3=[N+]5C(=C7C)[C@@](CC(=O)N)([C@@H]3CCC(=O)N)C)[C@@](C)([C@H]6CC(=O)N)CCC(NC[C@@H](C)OP(=O)(O[C@@H]3[C@H](O[C@H](N(C4=CC(=C(C=C14)C)C)C=2)[C@@H]3O)CO)[O-])=O)[H])C)CCC(=O)N)O[H]
229,CCC1=C2CN3C(=CC4=C(C3=O)COC(=O)[C@@]4(CC)O)C2=NC5=C1C=C(C=C5)OC(=O)N6CCC(CC6)N7CCCCC7.O.O.O.Cl
230,CN(CC1=CC2=C(NC(C)=NC2=O)C=C1)C1=CC=C(S1)C(=O)N[C@@H](CCC(O)=O)C(O)=O
231,CCOC(=O)[C@H](CCC1=CC=CC=C1)N[C@H]2CCCN3CCC[C@H](N3C2=O)C(=O)O.O
232,CN1C(=O)NC(=O)C(C)(C1=O)C1=CCCCC1
233,C1=CC(=NC=C1Cl)C(=O)NCCN.Cl
234,CCN(CC)C(C)CN1C2=CC=CC=C2SC2=CC=CC=C12
235,CCOC(=O)[C@H](CCC1=CC=CC=C1)N[C@H]2CS[C@@H](CN(C2=O)CC(=O)O)C3=CC=CS3.Cl
236,CC(C)CC1=CC=C(C=C1)C(C)C(=O)OCC2=CC=CC=N2
237,COC1=CC=C(C=C1)C1=NC2=CC(=CC=C2N1)C1=NNC(=O)CC1C
238,NC[C@H]1CC[C@@H](CC1)C(O)=O
239,ClC1=CC=CC(N2CCN(CCCCOC3=CC4=C(CCC(=O)N4)C=C3)CC2)=C1Cl
240,[H][C@@]12CC[C@H](O)[C@@]1(C)CC[C@@]1([H])[C@@]2([H])CC[C@@]23O[C@@H]2C(O)=C(C[C@]13C)C#N
241,CC1=C(Cl)C=CC=C1NC1=CC=CC=C1C(O)=O
242,CC(=O)NC1=NN=C(S1)S(=O)(=O)[NH-].[Na+]
243,COC1=C(C=C(C=C1)CNCC(COC2=CC3=C(C=C2)NC(=O)C=C3)O)OC
244,C1C(N(C2=C(N1)N=C(NC2=O)N)C=O)CNC3=CC=C(C=C3)C(=O)N[C@@H](CCC(=O)[O-])C(=O)[O-].[Ca+2]
245,CCCCCOC(=O)NC1=NC(=O)N(C=C1F)[C@@H]1O[C@H](C)[C@@H](O)[C@H]1O
246,C[N+]1=CC=CC(=C1)OC(=O)N(C)CCCCCCN(C)C(=O)OC2=C[N+](=CC=C2)C.[Br-].[Br-]
247,C[C@H]1O[C@H](C[C@H](O)[C@@H]1O[C@H]1C[C@H](O)[C@H](O[C@H]2C[C@H](O)[C@H](O[C@@H]3O[C@H](CO)[C@@H](O)[C@H](O)[C@H]3O)[C@@H](C)O2)[C@@H](C)O1)O[C@H]1CC[C@@]2(C)[C@H](CC[C@@H]3[C@@H]2C[C@@H](O)[C@]2(C)[C@H](CC[C@]32O)C2=CC(=O)OC2)C1
248,NS(=O)(=O)C1=C(Cl)C=C2NC(NS(=O)(=O)C2=C1)C1CC2CC1C=C2
249,C[C@H]1[C@H]([C@H](C[C@@H](O1)O[C@H]2C[C@@](CC3=C2C(=C4C(=C3O)C(=O)C5=C(C4=O)C(=CC=C5)OC)O)(C(=O)C)O)N)O.Cl
250,C[C@H]1[C@H]([C@H](C[C@@H](O1)O[C@H]2C[C@@](CC3=C2C(=C4C(=C3O)C(=O)C5=C(C4=O)C(=CC=C5)OC)O)(C(=O)CO)O)N)O.Cl
251,CC(C)(C)[C@@H](C(=O)N[C@@H](CC1=CC=CC=C1)[C@H](CN(CC2=CC=C(C=C2)C3=CC=CC=N3)NC(=O)[C@H](C(C)(C)C)NC(=O)OC)O)NC(=O)OC.OS(=O)(=O)O
252,CC(C1=CC=C(S1)C(=O)C2=CC=CC=C2)C(=O)O
253,CN1CCC(CC1)=C1C2=C(SC=C2)C(=O)CC2=CC=CC=C12
254,OC(=O)C1=CC=C(NC(=O)[C@H](CC2=CC=C(O)C=C2)NC(=O)C2=CC=CC=C2)C=C1
255,CC1=CC(=O)N(C(=C1)C2CCCCC2)O.C(CO)N
256,[H][C@@]12CC[C@](O)(C(C)=O)[C@@]1(C)C[C@H](O)[C@@]1(F)[C@@]2([H])C[C@H](C)C2=CC(=O)C=C[C@]12C
257,NC1=C2N=CN([C@H]3C[C@H](O)[C@@H](CO)O3)C2=NC(Cl)=N1
258,CCOC(=O)OC(C)OC1=C(N(S(=O)(=O)C2=CC=CC=C21)C)C(=O)NC3=CC=CC=N3
259,CC(C)[C@H](N1CCCNC1=O)C(=O)N[C@H](C[C@H](O)[C@H](CC1=CC=CC=C1)NC(=O)COC1=C(C)C=CC=C1C)CC1=CC=CC=C1
260,CC[C@@]1(C2=C(COC1=O)C(=O)N3CC4=C5[C@H](CCC6=C5C(=CC(=C6C)F)N=C4C3=C2)N)O.CS(=O)(=O)O.O.O
261,CN1CCN(CC2=CC=C(C=C2)C(=O)NC2=CC(NC3=NC=CC(=N3)C3=CN=CC=C3)=C(C)C=C2)CC1
262,CC(C1=CC(=C(C=C1)C2=CC=CC=C2)F)C(=O)OC(C)OC(=O)C
263,CC(C(O)=O)C1=CC=C(NCC(C)=C)C=C1
264,CC(C(O)=O)C1=CC=C2SC3=C(C=CC=C3)C(=O)CC2=C1
265,CCOC(=O)[C@H](CCC1=CC=CC=C1)N[C@@H](C)C(=O)N2[C@@H](CN(C2=O)C)C(=O)O.Cl
266,CC1=C(C2=C(N1C(=O)C3=CC=C(C=C3)Cl)C=CC(=C2)OC)CC(=O)OC/C=C(\\C)/CC/C=C(\\C)/CCC=C(C)C
267,CC(C1=CC2=C(C=C1)OC3=C(C2)C=CC=N3)C(=O)O
268,COC1=CC2=C(C=C1)N(C(=O)C1=CC=C(Cl)C=C1)C(C)=C2CC(=O)OCC(O)=O
269,OCC(CO)N[C@H]1C[C@](O)(CO)[C@@H](O)[C@H](O)[C@H]1O
270,CCOC(=O)[C@H](CCC1=CC=CC=C1)N[C@@H](C)C(=O)N(CC(=O)O)C2CC3=CC=CC=C3C2.Cl
271,C/C(=C\\C1=CC=CC=C1)/C=C\\2/C(=O)N(C(=S)S2)CC(=O)O
272,COC1=C(C=C(C=C1)C(=O)N2CCN(CC2)C3=CC4=C(C=C3)NC(=O)CC4)OC
273,[H][C@@]1(CC[C@](CC1)(C#N)C1=CC(OC2CCCC2)=C(OC)C=C1)C(O)=O
274,CC(C1=CC=C(C=C1)CC2CCCC2=O)C(=O)[O-].O.O.[Na+]
275,CC(=O)[O-].CN1C2=C(C(=O)N(C1=O)C)NC=N2.[Na+]
276,CCCCCOC1=C(C=C(C=C1)C2C(=O)NC(=O)S2)OCC
277,COC1=CC=C(C=C1)C2=C(ON=C2C3=CC=C(C=C3)OC)CC(=O)O
278,C[C@H]1[C@H]([C@H](C[C@@H](O1)O[C@H]2C[C@@](CC3=C2C(=C4C(=C3O)C(=O)C5=CC=CC=C5C4=O)O)(C(=O)C)O)N)O.Cl
279,CCCN(C(=O)C(NC(=O)C1=CC=CC=C1)CCC(=O)OCCCN2CCN(CC2)CCOC(=O)CC3=C(N(C4=C3C=C(C=C4)OC)C(=O)C5=CC=C(C=C5)Cl)C)CCC.C(=C\\C(=O)O)\\C(=O)O.C(=C\\C(=O)O)\\C(=O)O
280,CN1C(C(=O)NC2=CC=CC=N2)=C(O)C2=C(C=CS2)S1(=O)=O
281,NC(=O)C1=CC=CC=C1O
282,[H][C@@]12C[C@@]3([H])[C@]4([H])C[C@H](F)C5=CC(=O)C=C[C@]5(C)[C@@]4(F)[C@@H](O)C[C@]3(C)[C@@]1(OC(C)(C)O2)C(=O)CO
283,CC(C)C1=CC2=C(OC3=NC(N)=C(C=C3C2=O)C(O)=O)C=C1
284,C1CNCCN(C1)S(=O)(=O)C2=CC=CC3=C2C=CN=C3.Cl
285,C1[C@H](OC2=C([C@]13C(=O)NC(=O)N3)C=C(C=C2)F)C(=O)N
286,CO[C@@H]1[C@@H]([C@H]([C@@H]([C@H](O1)COS(=O)(=O)[O-])O[C@H]2[C@@H]([C@H]([C@@H]([C@@H](O2)C(=O)[O-])O[C@@H]3[C@@H]([C@H]([C@@H]([C@H](O3)COS(=O)(=O)[O-])O[C@H]4[C@@H]([C@H]([C@@H]([C@H](O4)C(=O)[O-])O[C@@H]5[C@@H]([C@H]([C@@H]([C@H](O5)COS(=O)(=O)[O-])O)O)NS(=O)(=O)[O-])O)O)OS(=O)(=O)[O-])NS(=O)(=O)[O-])O)OS(=O)(=O)[O-])O)NS(=O)(=O)[O-].[Na+].[Na+].[Na+].[Na+].[Na+].[Na+].[Na+].[Na+].[Na+].[Na+]
287,O[C@H](C[C@H](O)\C=C\C1=C(N=C2C=CC=CC2=C1C1=CC=C(F)C=C1)C1CC1)CC(O)=O
288,CN1C(C(=O)NC2=CC=CC=N2)=C(O)C2=C(C=C(Cl)S2)S1(=O)=O
289,[H][C@]1(N)C[C@]([H])(O[C@@]2([H])C[C@@](O)(CC3=C(O)C4=C(C(O)=C23)C(=O)C2=C(C=CC=C2OC)C4=O)C(=O)CO)O[C@@]([H])(C)[C@@]1([H])O[C@]1([H])CCCCO1
290,CC(CCC1=CC2=C(C=C1)OCO2)NN.Cl
291,C[C@H](CSC(=O)C)C(=O)N1CCC[C@H]1C(=O)N[C@@H](CC2=CC=CC=C2)C(=O)O
292,NC1=NC(F)=NC2=C1N=CN2[C@@H]1O[C@H](CO)[C@@H](O)[C@@H]1O
293,CC[C@]1(C[C@@H](C2=C(C3=C(C=C2[C@H]1C(=O)OC)C(=O)C4=C(C3=O)C(=CC=C4)O)O)O[C@H]5C[C@@H]([C@@H]([C@@H](O5)C)O[C@H]6C[C@@H]([C@@H]([C@@H](O6)C)O[C@H]7CCC(=O)[C@@H](O7)C)O)N(C)C)O.Cl
294,CC(C1=NC(=NC(=C1/C=C/[C@@H](O)C[C@@H](O)CC(=O)[O-])C2=CC=C(C=C2)F)N(S(=O)(=O)C)C)C.CC(C1=NC(=NC(=C1/C=C/[C@@H](O)C[C@@H](O)CC(=O)[O-])C2=CC=C(C=C2)F)N(S(=O)(=O)C)C)C.[Ca+2]
295,CC(C)(C)C(=O)OC1=CC=C(C=C1)S(=O)(=O)NC2=CC=CC=C2C(=O)NCC(=O)[O-].O.O.O.O.[Na+]
296,[H][C@]1(CC[C@H](O)C2=CC=C(F)C=C2)C(=O)N(C2=CC=C(F)C=C2)[C@]1([H])C1=CC=C(O)C=C1
297,OC(CN1C=CN=C1)(P(O)(O)=O)P(O)(O)=O
298,CN1CCC[C@@H]1CC2=CNC3=C2C=C(C=C3)CCS(=O)(=O)C4=CC=CC=C4.Br
299,CC1=NC(=C(O1)C2=CC(=C(C=C2)S(=O)(=O)N)F)C3CCCCC3
300,COC1=C(OCCCN2CCOCC2)C=C2C(NC3=CC(Cl)=C(F)C=C3)=NC=NC2=C1
301,CCOC(=O)CN[C@H](C1CCCCC1)C(=O)N2CC[C@H]2C(=O)NCC3=CC=C(C=C3)/C(=N/O)/N
302,CC1=CN=C(C(=C1OC)C)C[S@](=O)C2=NC3=C([N-]2)C=CC(=C3)OC.CC1=CN=C(C(=C1OC)C)C[S@](=O)C2=NC3=C([N-]2)C=CC(=C3)OC.O.O.O.[Mg+2]
303,[H][C@]12CC3=C(NC4=CC=CC=C34)[C@H](N1C(=O)CN(C)C2=O)C1=CC2=C(OCO2)C=C1
304,C[N+](C)(C)CCO.CN1C2=C([N-]C=N2)C(=O)N(C)C1=O
305,CC1=C(C=C(C(=O)N1)C#N)C2=CN3C=CN=C3C=C2.O.Cl
306,C1CCC2=NC3=CC=CC=C3C(=C2C1)N.Cl
307,CC1=C(C2=C(N1C(=O)C3=CC=C(C=C3)Cl)C=CC(=C2)OC)CC(=O)[O-].O.O.O.[Na+]
308,CN(CC1=CN=C2C(=N1)C(=NC(=N2)N)N)C3=CC=C(C=C3)C(=O)N[C@@H](CCC(=O)[O-])C(=O)O.[Na+]
309,C1=CC(=C2C(=C1NCCNCCO)C(=O)C3=C(C=CC(=C3C2=O)O)O)NCCNCCO.Cl.Cl
310,CC[C@@]1(C2=C(COC1=O)C(=O)N3CC4=CC5=C(C=CC(=C5CN(C)C)O)N=C4C3=C2)O.Cl
311,CN1CC[C@@]23C=C[C@@H](C[C@@H]2OC4=C(C=CC(=C34)C1)OC)O.Br
312,C[N+](C)(C)C[C@H](O)CC([O-])=O
313,CCOP(=O)(OCC)SCC[N+](C)(C)C
314,CC1(C[C@@H]1C(=O)N/C(=C\\CCCCSC[C@@H](C(=O)O)N)/C(=O)[O-])C.[Na+]
315,C[C@H]1[C@@H]([C@H](C[C@@H](O1)O[C@H]2C[C@@](CC3=C2C(=C4C(=C3O)C(=O)C5=C(C4=O)C(=CC=C5)OC)O)(C(=O)CO)O)N)O.Cl
316,CCCC1=NN(C2=C1N=C(NC2=O)C3=C(C=CC(=C3)S(=O)(=O)N4CCN(CC4)C)OCC)C.C(C(=O)O)C(CC(=O)O)(C(=O)O)O
317,CC(C)C1=C(C(=C(N1CC[C@H](C[C@H](CC(=O)[O-])O)O)C2=CC=C(C=C2)F)C3=CC=CC=C3)C(=O)NC4=CC=CC=C4.CC(C)C1=C(C(=C(N1CC[C@H](C[C@H](CC(=O)[O-])O)O)C2=CC=C(C=C2)F)C3=CC=CC=C3)C(=O)NC4=CC=CC=C4.O.O.O.[Ca+2]
318,C(=O)([O-])P(=O)([O-])[O-].O.O.O.O.O.O.[Na+].[Na+].[Na+]
319,[H][C@@]12CC[C@H](C(C)=O)[C@@]1(C)C[C@H](O)[C@@]1([H])[C@@]2([H])C[C@H](C)C2=CC(=O)CC[C@]12C
320,CC(C1=CC(=C(C=C1)C2=CC=CC=C2)F)C(=O)[O-].O.O.[Na+]
321,NCCCC[C@H](N)C(O)=O
322,OC(=O)\C=C\C(O)=O
323,CCCCCCCC\C=C\CCCCCCCC(O)=O
324,COC1=C(NC2=C3C=CC=CC3=NC3=CC=CC=C23)C=CC(NS(C)(=O)=O)=C1
325,COC1=C(C2=CC=CC(C(=S)N(C)CC(O)=O)=C2C=C1)C(F)(F)F
326,C1=CC=C2C(=C1)C(=NN(C2=O)CC3=NC4=C(S3)C=CC(=C4)C(F)(F)F)CC(=O)O
327,CC1=CC=C(N1)C(=O)O[C@H]2[C@H]([C@@H](OC([C@@H]2OC)(C)C)OC3=C(C4=C(C=C3)C(=C(C(=O)O4)NC(=O)C5=CNC(=C5C)C(=O)NC6=C(C7=C(C(=C(C=C7)O[C@H]8[C@@H]([C@@H]([C@H](C(O8)(C)C)OC)OC(=O)C9=CC=C(N9)C)O)C)OC6=O)O)O)C)O
328,CC1=CC(=O)C2=CC=CC=C2C1=O
329,CC1=C(Cl)C(NC2=CC=CC=C2C(O)=O)=C(Cl)C=C1
330,CC(C)NCC(O)COC1=CC=C(COCCOC(C)C)C=C1
331,CC(C1=CC(=CC=C1)OC2=CC=CC=C2)C(=O)O
332,CC1=CC=C(C=C1)C(=O)C2=CC=C(N2C)CC(=O)O
333,COC1=C(OC)C=C(CCN(C)CCCC(C#N)(C(C)C)C2=CC(OC)=C(OC)C=C2)C=C1
334,NC1=NC(=O)N(C=C1)[C@@H]1O[C@H](CO)[C@@H](O)C1(F)F
335,CN(C\C=C\C#CC(C)(C)C)CC1=CC=CC2=CC=CC=C12
336,C[C@@]12CCN([C@@H]1N(C3=C2C=C(C=C3)OC(=O)NC)C)C.C1=CC=C(C(=C1)C(=O)O)O
337,CCOC1=CC2=C(C=C1)N=C(S2)S(N)(=O)=O
338,C1CC(N2C=NC=C2C1)C3=CC=C(C=C3)C#N.Cl
339,CC(C)N=C(N)/N=C(\\N)/NC1=CC=C(C=C1)Cl.Cl
340,C[C@@H](C1=NC(=CS1)C1=CC=C(C=C1)C#N)[C@](O)(CN1C=NC=N1)C1=CC=C(F)C=C1F
341,CCN(C)C(=O)OC1=CC=CC(=C1)[C@H](C)N(C)C.[C@@H]([C@H](C(=O)O)O)(C(=O)O)O
342,CC1=CC(=CC=C1)N1CC(CO)OC1=O
343,COC1=CC2=C(OC(=C2)C2CCNCC2)C(Br)=C1
344,ClC1=CC=C(C=C1)C(=O)NCCN1CCOCC1
345,CS(=O)(=O)O.C#CCN[C@@H]1CCC2=CC=CC=C12
346,COC[C@H]1CN(C(=O)O1)C2=CC=C(C=C2)OCC[C@H](C(F)(F)F)O
347,CN(CC#C)CC1=CC=CC=C1.Cl
348,CNCCCC12CCC(C3=CC=CC=C13)C1=CC=CC=C21
349,CC(C)NNC(=O)C1=CC=NC=C1
350,CC1=CC(=NO1)C(=O)NNCC1=CC=CC=C1
351,COCC1CN(C(=O)O1)C2=CC=C(C=C2)OCC3=CC(=CC=C3)C#N
352,CCN1C2=NC=C(C(=C2C=N1)NN=C(C)C)C(=O)OCC.Cl
353,CN1CCCCC1CCN1C2=C(SC3=C1C=C(C=C3)S(C)=O)C=CC=C2
354,[H][C@]12COC(=O)[C@]1([H])[C@H](C1=CC(OC)=C(O)C(OC)=C1)C1=C(C=C3OCOC3=C1)[C@H]2O[C@]1([H])O[C@]2([H])CO[C@H](O[C@@]2([H])[C@H](O)[C@H]1O)C1=CC=CS1
355,CCC(=O)NS(=O)(=O)C1=CC=C(C=C1)C1=C(C)ON=C1C1=CC=CC=C1
356,CN(C)CCOC1=CC=C(C=C1)CNC(=O)C2=CC(=C(C=C2)OC)OC.Cl
357,CCCC1=NC(=C2N1N=C(NC2=O)C3=C(C=CC(=C3)S(=O)(=O)N4CCN(CC4)CC)OCC)C.Cl.Cl
358,CC[C@@]1(O)C[C@H](O[C@H]2C[C@@H]([C@H](O[C@H]3C[C@H](O)[C@H](O[C@H]4CCC(=O)[C@H](C)O4)[C@H](C)O3)[C@H](C)O2)N(C)C)C2=C(O)C3=C(C=C2[C@H]1C(=O)OC)C(=O)C1=C(C(O)=CC=C1)C3=O
359,NC1=C2N=CN([C@@H]3O[C@H](COP(O)(O)=O)[C@@H](O)[C@H]3O)C2=NC=N1
360,C1=CC2=C3C(=C1)C(=O)N(C(=O)C3=CC=C2)CC(=O)[O-].[Na+]
361,CN1CC[C@@H]([C@@H](C1)O)C2=C(C=C(C3=C2OC(=CC3=O)C4=CC=CC=C4Cl)O)O.Cl
362,CC(C)C1=C(C(=CC=C1)C(C)C)OS(=O)(=O)NC(=O)CC2=C(C=C(C=C2C(C)C)C(C)C)C(C)C
363,OC(=O)CCCCCCCC(O)=O
364,[H][C@@]1(CCC2=CC=CC=C2N(CC(O)=O)C1=O)N[C@@H](CCC1=CC=CC=C1)C(O)=O
365,C1CNCCN(C1)S(=O)(=O)C2=CC=CC3=C2C=CN=C3.C1CNCCN(C1)S(=O)(=O)C2=CC=CC3=C2C=CN=C3.O.Cl.Cl
366,COCCCOC1=C(OC)C=CC(C[C@@H](C[C@H](N)[C@@H](O)C[C@@H](C(C)C)C(=O)NCC(C)(C)C(N)=O)C(C)C)=C1
367,COC1=C(Cl)C=C(CNC2=C(C=NC(=N2)N2CCC[C@H]2CO)C(=O)NCC2=NC=CC=N2)C=C1
368,CNC(=O)C1=C(SC2=CC=C3C(NN=C3\C=C\C3=CC=CC=N3)=C2)C=CC=C1
369,COC1=CC(NC2=C(C=NC3=CC(OCCCN4CCN(C)CC4)=C(OC)C=C23)C#N)=C(Cl)C=C1Cl
370,CCCC1=NC(=C2N1N=C(NC2=O)C3=C(C=CC(=C3)S(=O)(=O)N4CCN(CC4)CC)OCC)C.O.O.O.Cl
371,C=CC(=O)NC1=C(C=C2C(=C1)C(=NC=N2)NC3=CC(=C(C=C3)F)Cl)OCCCN4CCOCC4.Cl.Cl
372,CN1CCC[C@H]1C1=CN=CC=C1
373,CCCC(=O)O[C@H]1CN2CC[C@@H]([C@@H]2[C@H]([C@@H]1O)O)O.Cl
374,C1C[C@H](N(C1)C(=O)[C@H](CCCCN)OP(=O)(CCCCC2=CC=CC=C2)O)C(=O)O
375,C[C@H]1C[C@H](CC(C1)(C)C)OC(=O)[C@@H]2CCC(=O)N2
376,CC1=C(C=CC(=C1)C2=C(C(CC(C2)(C)C)(C)C)/C=C/[C@H]3C[C@@H](CC(=O)O3)O)F
377,CC(=O)N(O)CCCCCNC(=O)CCC(=O)N(O)CCCCCNC(=O)CCC(=O)N(O)CCCCCN
378,COC1=C(F)C=C(C=C1)C1=CC(=NN1C1=CC=C(C=C1)S(N)(=O)=O)C(F)F
379,CC1=NC=C(C=C1)C1=C(C=C(Cl)C=N1)C1=CC=C(C=C1)S(C)(=O)=O
380,CC1(C)OC(=O)C(OCC2CC2)=C1C1=CC=C(C=C1)S(C)(=O)=O
381,CC1=CC=C(NC2=C(Cl)C=CC=C2F)C(CC(O)=O)=C1
382,CCC(=O)NS(=O)(=O)C1=CC=C(C=C1)C2=C(ON=C2C3=CC=CC=C3)C
383,CCC(=O)[N-]S(=O)(=O)C1=CC=C(C=C1)C2=C(ON=C2C3=CC=CC=C3)C.[Na+]
384,CN1C=NC=C1[C@@](C2=CC=C(C=C2)Cl)(C3=CC4=C(C=C3)N(C(=O)C=C4C5=CC(=CC=C5)Cl)C)N
385,CN[C@H](CC1=CC=CC=C1)C(=O)N2CCC[C@H]2C(=O)N[C@@H](CCCN=C(N)N)C=O.OS(=O)(=O)O
386,C1C[C@H](CN(C1)C(=N)N)CNC(=O)C[C@@H](C(=O)N(CC(=O)O)C2CC2)NS(=O)(=O)C3=CC4=CC=CC=C4C=C3.O
387,C[C@H](CC1=CC=CC=C1)N(C)CC#C
388,C1=CC(=CC=C1CC/C(=C\\F)/CN)F.Cl
389,CCCCCCN(CC1=CC=C(C=C1)CC(C)(C)C)C(=C2C(=O)OC(OC2=O)(C)C)NC3=CC(=C(C(=C3)C(C)(C)C)O)C(C)(C)C
390,CCCCCCCN(CCCCCSC1=NC(=C(N1)C2=CC=CC=C2)C3=CC=CC=C3)C(=O)NC4=C(C=C(C=C4)F)F
391,CC1=CC=C(C=C1)N1N=C(C=C1NC(=O)NC1=CC=C(OCCN2CCOCC2)C2=C1C=CC=C2)C(C)(C)C
392,COC1=CC=C(C[C@H](NC(=O)CC(C)(C)N)C(=O)N[C@@H](CC2=CN=CN2)C(=O)N[C@@H](CC2CCCCC2)[C@@H](O)[C@@H](O)CC(C)C)C=C1
393,CC[C@H](C)[C@@H](C(=O)NCC1=CC=CC=N1)NC(=O)[C@@H](C[C@@H]([C@H](CC(C)C)NC(=O)[C@H](CC2=CN=CN2)N(C)C(=O)[C@H](CC3=CC=CC=C3)NC(=O)[C@@H]4CCCN4C(=O)OC(C)(C)C)O)C(C)C
394,CC(C)OC(=O)[C@@H]([C@H](CC1CCCCC1)NC(=O)[C@H](CSC)NC(=O)[C@H](CC2=CC=CC=C2)NC(=O)N3CCOCC3)O
395,CC(C)C[C@@H]([C@@H]([C@H](CC1CCCCC1)NC(=O)[C@H](CC2=CSC=N2)NC(=O)[C@H](CC3=CC=CC=C3)CS(=O)(=O)N4CCN(CC4)C)O)O.Cl
396,C1CN(CCC1CCC2=NOC3=C2C=C4CC(=O)NC4=C3)CC5=CC=CC=C5.C(=C\\C(=O)O)\\C(=O)O
397,CCOC(=O)[C@H](CCC1=CC=CC=C1)N[C@@H](C)C(=O)N1CC2=CC=CC=C2C[C@H]1C(O)=O
398,[H][C@]12C[C@H](N(C(=O)[C@H](C)N[C@@H](CCC)C(=O)OCC)[C@@]1([H])CCCC2)C(O)=O
399,CCOC(=O)[C@H](CCC1=CC=CC=C1)N[C@@H](C)C(=O)N2[C@H]3CCCC[C@H]3C[C@H]2C(=O)O.Cl
400,C1CC2=CC=CC=C2N(C(=O)[C@H]1N[C@@H](CCCCN)C(=O)O)CC(=O)O
401,CCOC(=O)[C@H](C)C[C@@H](C)C(=O)N1[C@@H](CC2=CC=CC=C21)C(=O)O
402,C[C@H](CSC(=O)C(C)(C)C)C(=O)N(CC(=O)O)C1CCCC1
403,CCOC(=O)[C@H](CCC1=CC=CC=C1)N[C@@H](C)C(=O)N2CC3(C[C@H]2C(=O)O)SCCS3.Cl
404,C[C@H](CSC(=O)C1=CC=CC=C1)C(=O)N2C[C@H](C[C@H]2C(=O)[O-])SC3=CC=CC=C3.C[C@H](CSC(=O)C1=CC=CC=C1)C(=O)N2C[C@H](C[C@H]2C(=O)[O-])SC3=CC=CC=C3.[Ca+2]
405,[H][C@@](C)(N[C@@]([H])(CCC1=CC=CC=C1)C(O)=O)C(=O)N1CCC[C@@]1([H])C(O)=O
406,[H][C@]1(C[C@H](N(C1)C(=O)CP(O)(=O)CCCCC1=CC=CC=C1)C(O)=O)C1CCCCC1
407,C[C@@H](C(=O)N1CC2=CC=CC=C2C[C@H]1C(=O)O)N[C@@H](CCC3=CC=CC=C3)C(=O)O
408,C[C@@H](C(=O)N1CC2(C[C@H]1C(=O)O)SCCS2)N[C@@H](CCC3=CC=CC=C3)C(=O)O
409,C[C@H](CS)C(=O)N1C[C@H](C[C@H]1C(=O)O)SC2=CC=CC=C2.C(C[C@@H](C(=O)O)N)CN=C(N)N
410,C1CC(N2C=NC=C2C1)C3=CC=C(C=C3)C#N.C1CC(N2C=NC=C2C1)C3=CC=C(C=C3)C#N.O.Cl.Cl
411,C1=CC(=CC(=C1)Cl)C(N2C=NC=C2)C3=CC4=C(N=CN4)C=C3.C1=CC(=CC(=C1)Cl)C(N2C=NC=C2)C3=CC4=C(N=CN4)C=C3.C(=C/C(=O)O)\\C(=O)O.C(=C/C(=O)O)\\C(=O)O.C(=C/C(=O)O)\\C(=O)O
412,C1=CC(=CC(=C1)Cl)C(C2=CC3=C(C=C2)N=CN3)N4C=CN=C4.Cl
413,C1CC2=C(C[C@H]1N3C(=CNC3=S)CN)C=C(C=C2F)F.O.Cl
414,CC(C)(C)C(=O)OC1=CC=C(C=C1)S(=O)(=O)NC2=CC=CC=C2C(=O)NCC(=O)O
415,OC1=C(CC2=C(O)C3=C(OC2=O)C=CC=C3)C(=O)OC2=C1C=CC=C2
416,C1=CC=C2C(=C1)C(=CN2CC(=O)O)CC3=NC4=C(C(=CC(=C4S3)F)F)F.O
417,C1C(=O)NC(=O)C12C3=C(C=CC(=C3)F)C(=O)N(C2=O)CC4=C(C=C(C=C4)Br)F
418,C1=CC=C2C(=C1)C(=NN(C2=O)CC3=C(C=C(C=C3)Br)F)CC(=O)O
419,C1=CC2=C(C=C1Cl)N(C(=O)N(C2=O)CC3=C(C=C(C=C3)Br)F)CC(=O)O
420,CCC(C)(C)C(=O)O[C@H]1C[C@H](C=C2[C@H]1[C@H]([C@H](C=C2)C)CC[C@H](C[C@H](CC(=O)[O-])O)O)C.CCC(C)(C)C(=O)O[C@H]1C[C@H](C=C2[C@H]1[C@H]([C@H](C=C2)C)CC[C@H](C[C@H](CC(=O)[O-])O)O)C.[Ca+2]
421,CCN(C)C(=O)OC1=CC=CC(=C1)[C@H](C)N(C)C
422,C[C@@]12CCN([C@@H]1N(C3=C2C=C(C=C3)OC(=O)N4CCC5=CC=CC=C5C4)C)C
423,C[C@@]12CCN([C@@H]1N(C3=C2C=C(C=C3)OC(=O)NC)C)C.C[C@@]12CCN([C@@H]1N(C3=C2C=C(C=C3)OC(=O)NC)C)C.OS(=O)(=O)O
424,C1=CC(=CC=C1CCC2=CNC3=C2C(=O)NC(=N3)N)C(=O)N[C@@H](CCC(=O)[O-])C(=O)[O-].[Na+].[Na+]
425,CCC(CC)[C@@H]([C@H]1[C@@H](C[C@@H]([C@H]1O)C(=O)O)N=C(N)N)NC(=O)C.O.O.O
426,CC(C)CN[C@H]1CCS(=O)(=O)C2=C1C=C(S2)S(=O)(=O)N.Cl
427,CC1=C(C(=O)C(=C(C1=O)C)CCCCC#CCCCC#CCO)C
428,COC1=CC=CC2=C1C(=O)C1=C(O)C3=C(C[C@](O)(C[C@@H]3O[C@H]3C[C@H](N)[C@H](O)[C@H](C)O3)C(=O)CO)C(O)=C1C2=O
429,COCCOC1=C(C=C2C(=C1)C(=NC=N2)NC3=CC=C(C=C3)C#C)OCCOC.Cl
430,CS(=O)(=O)CCNCC1=CC=C(O1)C1=CC2=C(C=C1)N=CN=C2NC1=CC(Cl)=C(OCC2=CC(F)=CC=C2)C=C1
431,C1=CC(=CC=C1CCCCN2C=CN=N2)OCC3=COC(=N3)/C=C/C4=CC=C(C=C4)C(F)(F)F
432,CCCCCCCCCCC[C@@H](C[C@H]1[C@@H](C(=O)O1)CCCCCC)OC(=O)[C@H](CC(C)C)NC=O
433,CN(C)CC1=NC=CN1C2=CC(=C(C=C2)NC(=O)C3=CC(=NN3C4=CC5=C(C=C4)ON=C5N)C(F)(F)F)F.Cl
434,CC[C@@]1(O)C(=O)OCC2=C1C=C1N(CC3=C1N=C1C=CC=C(C1=C3)[N+]([O-])=O)C2=O
435,CCC(N)CC1=CNC2=CC=CC=C12
436,OC[C@H]1O[C@H](C[C@@H]1O)N1C=C(F)C(=O)NC1=O
437,[H][C@]12C[C@@H](O)C=C[C@]11CCN(C)CC3=C1C(O2)=C(OC)C=C3
438,CN(C)C(=N)NC(N)=N
439,CSCCC(N)C(O)=O
440,CCCCCCCCCCCCCCCC(O)=O
441,COC1=C(OC)C(CS(=O)C2=NC3=C(N2)C=C(OC(F)F)C=C3)=NC=C1
442,NC1=NC(=O)C2=C(N1)N(CCC(CO)CO)C=N2
443,CC(C)(N)CC1=CC=CC=C1
444,COC1=CC(NCC2=C(C)C3=C(C=C2)N=C(N)N=C3N)=CC(OC)=C1OC
